Domain Code,Domain,Area Code (M49),Area,Element Code,Element,Item Code (CPC),Item,Year Code,Year,Unit,Value,Flag,Flag Description,Note
"TCL","Crops and livestock products","032","Argentina","5610","Import quantity","0113","Rice","2020","2020","t","185.69","A","Official value",""
"TCL","Crops and livestock products","032","Argentina","5622","Import value","0113","Rice","2020","2020","1000 USD","204","A","Official value",""
"TCL","Crops and livestock products","032","Argentina","5610","Import quantity","0113","Rice","2021","2021","t","23.18","A","Official value",""
"TCL","Crops and livestock products","032","Argentina","5622","Import value","0113","Rice","2021","2021","1000 USD","60","A","Official value",""
"TCL","Crops and livestock products","032","Argentina","5610","Import quantity","0113","Rice","2022","2022","t","213.12","A","Official value",""
"TCL","Crops and livestock products","032","Argentina","5622","Import value","0113","Rice","2022","2022","1000 USD","308","A","Official value",""
"TCL","Crops and livestock products","032","Argentina","5610","Import quantity","0113","Rice","2023","2023","t","137.1","A","Official value",""
"TCL","Crops and livestock products","032","Argentina","5622","Import value","0113","Rice","2023","2023","1000 USD","119","A","Official value",""
"TCL","Crops and livestock products","032","Argentina","5610","Import quantity","23161.02","Rice, milled","2020","2020","t","8837.96","A","Official value",""
"TCL","Crops and livestock products","032","Argentina","5622","Import value","23161.02","Rice, milled","2020","2020","1000 USD","4415","A","Official value",""
"TCL","Crops and livestock products","032","Argentina","5910","Export quantity","23161.02","Rice, milled","2020","2020","t","249767.12","A","Official value",""
"TCL","Crops and livestock products","032","Argentina","5922","Export value","23161.02","Rice, milled","2020","2020","1000 USD","119719","A","Official value",""
"TCL","Crops and livestock products","032","Argentina","5610","Import quantity","23161.02","Rice, milled","2021","2021","t","1611.26","A","Official value",""
"TCL","Crops and livestock products","032","Argentina","5622","Import value","23161.02","Rice, milled","2021","2021","1000 USD","1066","A","Official value",""
"TCL","Crops and livestock products","032","Argentina","5910","Export quantity","23161.02","Rice, milled","2021","2021","t","200619.91","A","Official value",""
"TCL","Crops and livestock products","032","Argentina","5922","Export value","23161.02","Rice, milled","2021","2021","1000 USD","104863","A","Official value",""
"TCL","Crops and livestock products","032","Argentina","5610","Import quantity","23161.02","Rice, milled","2022","2022","t","1172.93","A","Official value",""
"TCL","Crops and livestock products","032","Argentina","5622","Import value","23161.02","Rice, milled","2022","2022","1000 USD","737","A","Official value",""
"TCL","Crops and livestock products","032","Argentina","5910","Export quantity","23161.02","Rice, milled","2022","2022","t","229396.69","A","Official value",""
"TCL","Crops and livestock products","032","Argentina","5922","Export value","23161.02","Rice, milled","2022","2022","1000 USD","114362","A","Official value",""
"TCL","Crops and livestock products","032","Argentina","5610","Import quantity","23161.02","Rice, milled","2023","2023","t","218.14","A","Official value",""
"TCL","Crops and livestock products","032","Argentina","5622","Import value","23161.02","Rice, milled","2023","2023","1000 USD","366","A","Official value",""
"TCL","Crops and livestock products","032","Argentina","5910","Export quantity","23161.02","Rice, milled","2023","2023","t","185265.11","A","Official value",""
"TCL","Crops and livestock products","032","Argentina","5922","Export value","23161.02","Rice, milled","2023","2023","1000 USD","113203","A","Official value",""
"TCL","Crops and livestock products","032","Argentina","5610","Import quantity","F0030","Rice, paddy (rice milled equivalent)","2020","2020","t","9046.23","A","Official value",""
"TCL","Crops and livestock products","032","Argentina","5622","Import value","F0030","Rice, paddy (rice milled equivalent)","2020","2020","1000 USD","4770","A","Official value",""
"TCL","Crops and livestock products","032","Argentina","5910","Export quantity","F0030","Rice, paddy (rice milled equivalent)","2020","2020","t","329294.25","A","Official value",""
"TCL","Crops and livestock products","032","Argentina","5922","Export value","F0030","Rice, paddy (rice milled equivalent)","2020","2020","1000 USD","154090","A","Official value",""
"TCL","Crops and livestock products","032","Argentina","5610","Import quantity","F0030","Rice, paddy (rice milled equivalent)","2021","2021","t","2200.63","A","Official value",""
"TCL","Crops and livestock products","032","Argentina","5622","Import value","F0030","Rice, paddy (rice milled equivalent)","2021","2021","1000 USD","1424","A","Official value",""
"TCL","Crops and livestock products","032","Argentina","5910","Export quantity","F0030","Rice, paddy (rice milled equivalent)","2021","2021","t","274621.3","A","Official value",""
"TCL","Crops and livestock products","032","Argentina","5922","Export value","F0030","Rice, paddy (rice milled equivalent)","2021","2021","1000 USD","141503","A","Official value",""
"TCL","Crops and livestock products","032","Argentina","5610","Import quantity","F0030","Rice, paddy (rice milled equivalent)","2022","2022","t","1595.89","A","Official value",""
"TCL","Crops and livestock products","032","Argentina","5622","Import value","F0030","Rice, paddy (rice milled equivalent)","2022","2022","1000 USD","1367","A","Official value",""
"TCL","Crops and livestock products","032","Argentina","5910","Export quantity","F0030","Rice, paddy (rice milled equivalent)","2022","2022","t","414803.53","A","Official value",""
"TCL","Crops and livestock products","032","Argentina","5922","Export value","F0030","Rice, paddy (rice milled equivalent)","2022","2022","1000 USD","203131","A","Official value",""
"TCL","Crops and livestock products","032","Argentina","5610","Import quantity","F0030","Rice, paddy (rice milled equivalent)","2023","2023","t","368.95","A","Official value",""
"TCL","Crops and livestock products","032","Argentina","5622","Import value","F0030","Rice, paddy (rice milled equivalent)","2023","2023","1000 USD","603","A","Official value",""
"TCL","Crops and livestock products","032","Argentina","5910","Export quantity","F0030","Rice, paddy (rice milled equivalent)","2023","2023","t","286962.41","A","Official value",""
"TCL","Crops and livestock products","032","Argentina","5922","Export value","F0030","Rice, paddy (rice milled equivalent)","2023","2023","1000 USD","171519","A","Official value",""
"TCL","Crops and livestock products","032","Argentina","5610","Import quantity","0141","Soya beans","2020","2020","t","5317336.42","A","Official value",""
"TCL","Crops and livestock products","032","Argentina","5622","Import value","0141","Soya beans","2020","2020","1000 USD","1982370","A","Official value",""
"TCL","Crops and livestock products","032","Argentina","5910","Export quantity","0141","Soya beans","2020","2020","t","6359763.73","A","Official value",""
"TCL","Crops and livestock products","032","Argentina","5922","Export value","0141","Soya beans","2020","2020","1000 USD","2186202","A","Official value",""
"TCL","Crops and livestock products","032","Argentina","5610","Import quantity","0141","Soya beans","2021","2021","t","4866019.88","A","Official value",""
"TCL","Crops and livestock products","032","Argentina","5622","Import value","0141","Soya beans","2021","2021","1000 USD","2623687","A","Official value",""
"TCL","Crops and livestock products","032","Argentina","5910","Export quantity","0141","Soya beans","2021","2021","t","4284452.89","A","Official value",""
"TCL","Crops and livestock products","032","Argentina","5922","Export value","0141","Soya beans","2021","2021","1000 USD","2232371","A","Official value",""
"TCL","Crops and livestock products","032","Argentina","5610","Import quantity","0141","Soya beans","2022","2022","t","3310610.21","A","Official value",""
"TCL","Crops and livestock products","032","Argentina","5622","Import value","0141","Soya beans","2022","2022","1000 USD","2121314","A","Official value",""
"TCL","Crops and livestock products","032","Argentina","5910","Export quantity","0141","Soya beans","2022","2022","t","5195178.02","A","Official value",""
"TCL","Crops and livestock products","032","Argentina","5922","Export value","0141","Soya beans","2022","2022","1000 USD","3081557","A","Official value",""
"TCL","Crops and livestock products","032","Argentina","5610","Import quantity","0141","Soya beans","2023","2023","t","10367695.33","A","Official value",""
"TCL","Crops and livestock products","032","Argentina","5622","Import value","0141","Soya beans","2023","2023","1000 USD","5620022","A","Official value",""
"TCL","Crops and livestock products","032","Argentina","5910","Export quantity","0141","Soya beans","2023","2023","t","1853775.81","A","Official value",""
"TCL","Crops and livestock products","032","Argentina","5922","Export value","0141","Soya beans","2023","2023","1000 USD","1023976","A","Official value",""
"TCL","Crops and livestock products","032","Argentina","5610","Import quantity","0111","Wheat","2020","2020","t","17.84","A","Official value",""
"TCL","Crops and livestock products","032","Argentina","5622","Import value","0111","Wheat","2020","2020","1000 USD","58","A","Official value",""
"TCL","Crops and livestock products","032","Argentina","5910","Export quantity","0111","Wheat","2020","2020","t","10196930.53","A","Official value",""
"TCL","Crops and livestock products","032","Argentina","5922","Export value","0111","Wheat","2020","2020","1000 USD","2029494","A","Official value",""
"TCL","Crops and livestock products","032","Argentina","5610","Import quantity","0111","Wheat","2021","2021","t","84.65","A","Official value",""
"TCL","Crops and livestock products","032","Argentina","5622","Import value","0111","Wheat","2021","2021","1000 USD","155","A","Official value",""
"TCL","Crops and livestock products","032","Argentina","5910","Export quantity","0111","Wheat","2021","2021","t","9485175.01","A","Official value",""
"TCL","Crops and livestock products","032","Argentina","5922","Export value","0111","Wheat","2021","2021","1000 USD","2454059","A","Official value",""
"TCL","Crops and livestock products","032","Argentina","5610","Import quantity","0111","Wheat","2022","2022","t","52.05","A","Official value",""
"TCL","Crops and livestock products","032","Argentina","5622","Import value","0111","Wheat","2022","2022","1000 USD","152","A","Official value",""
"TCL","Crops and livestock products","032","Argentina","5910","Export quantity","0111","Wheat","2022","2022","t","12938182.07","A","Official value",""
"TCL","Crops and livestock products","032","Argentina","5922","Export value","0111","Wheat","2022","2022","1000 USD","4000808","A","Official value",""
"TCL","Crops and livestock products","032","Argentina","5610","Import quantity","0111","Wheat","2023","2023","t","55.75","A","Official value",""
"TCL","Crops and livestock products","032","Argentina","5622","Import value","0111","Wheat","2023","2023","1000 USD","152","A","Official value",""
"TCL","Crops and livestock products","032","Argentina","5910","Export quantity","0111","Wheat","2023","2023","t","2844595.54","A","Official value",""
"TCL","Crops and livestock products","032","Argentina","5922","Export value","0111","Wheat","2023","2023","1000 USD","999432","A","Official value",""
"TCL","Crops and livestock products","036","Australia","5610","Import quantity","0113","Rice","2020","2020","t","250.89","A","Official value",""
"TCL","Crops and livestock products","036","Australia","5622","Import value","0113","Rice","2020","2020","1000 USD","179","A","Official value",""
"TCL","Crops and livestock products","036","Australia","5910","Export quantity","0113","Rice","2020","2020","t","70.69","A","Official value",""
"TCL","Crops and livestock products","036","Australia","5922","Export value","0113","Rice","2020","2020","1000 USD","320","A","Official value",""
"TCL","Crops and livestock products","036","Australia","5610","Import quantity","0113","Rice","2021","2021","t","281.82","A","Official value",""
"TCL","Crops and livestock products","036","Australia","5622","Import value","0113","Rice","2021","2021","1000 USD","246","A","Official value",""
"TCL","Crops and livestock products","036","Australia","5910","Export quantity","0113","Rice","2021","2021","t","32.48","A","Official value",""
"TCL","Crops and livestock products","036","Australia","5922","Export value","0113","Rice","2021","2021","1000 USD","57","A","Official value",""
"TCL","Crops and livestock products","036","Australia","5610","Import quantity","0113","Rice","2022","2022","t","176.62","A","Official value",""
"TCL","Crops and livestock products","036","Australia","5622","Import value","0113","Rice","2022","2022","1000 USD","168","A","Official value",""
"TCL","Crops and livestock products","036","Australia","5910","Export quantity","0113","Rice","2022","2022","t","104.61","A","Official value",""
"TCL","Crops and livestock products","036","Australia","5922","Export value","0113","Rice","2022","2022","1000 USD","75","A","Official value",""
"TCL","Crops and livestock products","036","Australia","5610","Import quantity","0113","Rice","2023","2023","t","136.8","A","Official value",""
"TCL","Crops and livestock products","036","Australia","5622","Import value","0113","Rice","2023","2023","1000 USD","112","A","Official value",""
"TCL","Crops and livestock products","036","Australia","5910","Export quantity","0113","Rice","2023","2023","t","43.7","A","Official value",""
"TCL","Crops and livestock products","036","Australia","5922","Export value","0113","Rice","2023","2023","1000 USD","33","A","Official value",""
"TCL","Crops and livestock products","036","Australia","5610","Import quantity","23161.02","Rice, milled","2020","2020","t","258435.26","A","Official value",""
"TCL","Crops and livestock products","036","Australia","5622","Import value","23161.02","Rice, milled","2020","2020","1000 USD","263310","A","Official value",""
"TCL","Crops and livestock products","036","Australia","5910","Export quantity","23161.02","Rice, milled","2020","2020","t","41533","A","Official value",""
"TCL","Crops and livestock products","036","Australia","5922","Export value","23161.02","Rice, milled","2020","2020","1000 USD","49774","A","Official value",""
"TCL","Crops and livestock products","036","Australia","5610","Import quantity","23161.02","Rice, milled","2021","2021","t","185150.9","A","Official value",""
"TCL","Crops and livestock products","036","Australia","5622","Import value","23161.02","Rice, milled","2021","2021","1000 USD","188406","A","Official value",""
"TCL","Crops and livestock products","036","Australia","5910","Export quantity","23161.02","Rice, milled","2021","2021","t","56157.6","A","Official value",""
"TCL","Crops and livestock products","036","Australia","5922","Export value","23161.02","Rice, milled","2021","2021","1000 USD","63703","A","Official value",""
"TCL","Crops and livestock products","036","Australia","5610","Import quantity","23161.02","Rice, milled","2022","2022","t","230433.39","A","Official value",""
"TCL","Crops and livestock products","036","Australia","5622","Import value","23161.02","Rice, milled","2022","2022","1000 USD","254303","A","Official value",""
"TCL","Crops and livestock products","036","Australia","5910","Export quantity","23161.02","Rice, milled","2022","2022","t","163085","A","Official value",""
"TCL","Crops and livestock products","036","Australia","5922","Export value","23161.02","Rice, milled","2022","2022","1000 USD","171699","A","Official value",""
"TCL","Crops and livestock products","036","Australia","5610","Import quantity","23161.02","Rice, milled","2023","2023","t","213524.22","A","Official value",""
"TCL","Crops and livestock products","036","Australia","5622","Import value","23161.02","Rice, milled","2023","2023","1000 USD","228060","A","Official value",""
"TCL","Crops and livestock products","036","Australia","5910","Export quantity","23161.02","Rice, milled","2023","2023","t","208863","A","Official value",""
"TCL","Crops and livestock products","036","Australia","5922","Export value","23161.02","Rice, milled","2023","2023","1000 USD","231551","A","Official value",""
"TCL","Crops and livestock products","036","Australia","5610","Import quantity","F0030","Rice, paddy (rice milled equivalent)","2020","2020","t","276394.21","A","Official value",""
"TCL","Crops and livestock products","036","Australia","5622","Import value","F0030","Rice, paddy (rice milled equivalent)","2020","2020","1000 USD","277781","A","Official value",""
"TCL","Crops and livestock products","036","Australia","5910","Export quantity","F0030","Rice, paddy (rice milled equivalent)","2020","2020","t","43993.65","A","Official value",""
"TCL","Crops and livestock products","036","Australia","5922","Export value","F0030","Rice, paddy (rice milled equivalent)","2020","2020","1000 USD","53399","A","Official value",""
"TCL","Crops and livestock products","036","Australia","5610","Import quantity","F0030","Rice, paddy (rice milled equivalent)","2021","2021","t","203671.84","A","Official value",""
"TCL","Crops and livestock products","036","Australia","5622","Import value","F0030","Rice, paddy (rice milled equivalent)","2021","2021","1000 USD","200567","A","Official value",""
"TCL","Crops and livestock products","036","Australia","5910","Export quantity","F0030","Rice, paddy (rice milled equivalent)","2021","2021","t","73318.98","A","Official value",""
"TCL","Crops and livestock products","036","Australia","5922","Export value","F0030","Rice, paddy (rice milled equivalent)","2021","2021","1000 USD","82398","A","Official value",""
"TCL","Crops and livestock products","036","Australia","5610","Import quantity","F0030","Rice, paddy (rice milled equivalent)","2022","2022","t","248998.68","A","Official value",""
"TCL","Crops and livestock products","036","Australia","5622","Import value","F0030","Rice, paddy (rice milled equivalent)","2022","2022","1000 USD","268407","A","Official value",""
"TCL","Crops and livestock products","036","Australia","5910","Export quantity","F0030","Rice, paddy (rice milled equivalent)","2022","2022","t","207816.51","A","Official value",""
"TCL","Crops and livestock products","036","Australia","5922","Export value","F0030","Rice, paddy (rice milled equivalent)","2022","2022","1000 USD","215875","A","Official value",""
"TCL","Crops and livestock products","036","Australia","5610","Import quantity","F0030","Rice, paddy (rice milled equivalent)","2023","2023","t","220697.64","A","Official value",""
"TCL","Crops and livestock products","036","Australia","5622","Import value","F0030","Rice, paddy (rice milled equivalent)","2023","2023","1000 USD","235273","A","Official value",""
"TCL","Crops and livestock products","036","Australia","5910","Export quantity","F0030","Rice, paddy (rice milled equivalent)","2023","2023","t","250709.57","A","Official value",""
"TCL","Crops and livestock products","036","Australia","5922","Export value","F0030","Rice, paddy (rice milled equivalent)","2023","2023","1000 USD","273329","A","Official value",""
"TCL","Crops and livestock products","036","Australia","5610","Import quantity","0141","Soya beans","2020","2020","t","4783.65","A","Official value",""
"TCL","Crops and livestock products","036","Australia","5622","Import value","0141","Soya beans","2020","2020","1000 USD","5274","A","Official value",""
"TCL","Crops and livestock products","036","Australia","5910","Export quantity","0141","Soya beans","2020","2020","t","1010.92","A","Official value",""
"TCL","Crops and livestock products","036","Australia","5922","Export value","0141","Soya beans","2020","2020","1000 USD","929","A","Official value",""
"TCL","Crops and livestock products","036","Australia","5610","Import quantity","0141","Soya beans","2021","2021","t","2325.03","A","Official value",""
"TCL","Crops and livestock products","036","Australia","5622","Import value","0141","Soya beans","2021","2021","1000 USD","3352","A","Official value",""
"TCL","Crops and livestock products","036","Australia","5910","Export quantity","0141","Soya beans","2021","2021","t","8259.1","A","Official value",""
"TCL","Crops and livestock products","036","Australia","5922","Export value","0141","Soya beans","2021","2021","1000 USD","6507","A","Official value",""
"TCL","Crops and livestock products","036","Australia","5610","Import quantity","0141","Soya beans","2022","2022","t","2788.88","A","Official value",""
"TCL","Crops and livestock products","036","Australia","5622","Import value","0141","Soya beans","2022","2022","1000 USD","3451","A","Official value",""
"TCL","Crops and livestock products","036","Australia","5910","Export quantity","0141","Soya beans","2022","2022","t","14218.13","A","Official value",""
"TCL","Crops and livestock products","036","Australia","5922","Export value","0141","Soya beans","2022","2022","1000 USD","11699","A","Official value",""
"TCL","Crops and livestock products","036","Australia","5610","Import quantity","0141","Soya beans","2023","2023","t","1548.21","A","Official value",""
"TCL","Crops and livestock products","036","Australia","5622","Import value","0141","Soya beans","2023","2023","1000 USD","2360","A","Official value",""
"TCL","Crops and livestock products","036","Australia","5910","Export quantity","0141","Soya beans","2023","2023","t","5293.06","A","Official value",""
"TCL","Crops and livestock products","036","Australia","5922","Export value","0141","Soya beans","2023","2023","1000 USD","4507","A","Official value",""
"TCL","Crops and livestock products","036","Australia","5610","Import quantity","0111","Wheat","2020","2020","t","482237.46","A","Official value",""
"TCL","Crops and livestock products","036","Australia","5622","Import value","0111","Wheat","2020","2020","1000 USD","126810","A","Official value",""
"TCL","Crops and livestock products","036","Australia","5910","Export quantity","0111","Wheat","2020","2020","t","10400418.49","A","Official value",""
"TCL","Crops and livestock products","036","Australia","5922","Export value","0111","Wheat","2020","2020","1000 USD","2698498","A","Official value",""
"TCL","Crops and livestock products","036","Australia","5610","Import quantity","0111","Wheat","2021","2021","t","1070.22","A","Official value",""
"TCL","Crops and livestock products","036","Australia","5622","Import value","0111","Wheat","2021","2021","1000 USD","750","A","Official value",""
"TCL","Crops and livestock products","036","Australia","5910","Export quantity","0111","Wheat","2021","2021","t","25563035.49","A","Official value",""
"TCL","Crops and livestock products","036","Australia","5922","Export value","0111","Wheat","2021","2021","1000 USD","7105524","A","Official value",""
"TCL","Crops and livestock products","036","Australia","5610","Import quantity","0111","Wheat","2022","2022","t","687.31","A","Official value",""
"TCL","Crops and livestock products","036","Australia","5622","Import value","0111","Wheat","2022","2022","1000 USD","537","A","Official value",""
"TCL","Crops and livestock products","036","Australia","5910","Export quantity","0111","Wheat","2022","2022","t","28781090.41","A","Official value",""
"TCL","Crops and livestock products","036","Australia","5922","Export value","0111","Wheat","2022","2022","1000 USD","10008195","A","Official value",""
"TCL","Crops and livestock products","036","Australia","5610","Import quantity","0111","Wheat","2023","2023","t","42.81","A","Official value",""
"TCL","Crops and livestock products","036","Australia","5622","Import value","0111","Wheat","2023","2023","1000 USD","66","A","Official value",""
"TCL","Crops and livestock products","036","Australia","5910","Export quantity","0111","Wheat","2023","2023","t","29292037.83","A","Official value",""
"TCL","Crops and livestock products","036","Australia","5922","Export value","0111","Wheat","2023","2023","1000 USD","9276804","A","Official value",""
"TCL","Crops and livestock products","076","Brazil","5610","Import quantity","0113","Rice","2020","2020","t","244804.2","A","Official value",""
"TCL","Crops and livestock products","076","Brazil","5622","Import value","0113","Rice","2020","2020","1000 USD","82070","A","Official value",""
"TCL","Crops and livestock products","076","Brazil","5910","Export quantity","0113","Rice","2020","2020","t","518496.18","A","Official value",""
"TCL","Crops and livestock products","076","Brazil","5922","Export value","0113","Rice","2020","2020","1000 USD","139600","A","Official value",""
"TCL","Crops and livestock products","076","Brazil","5610","Import quantity","0113","Rice","2021","2021","t","96884.31","A","Official value",""
"TCL","Crops and livestock products","076","Brazil","5622","Import value","0113","Rice","2021","2021","1000 USD","32477","A","Official value",""
"TCL","Crops and livestock products","076","Brazil","5910","Export quantity","0113","Rice","2021","2021","t","234762.69","A","Official value",""
"TCL","Crops and livestock products","076","Brazil","5922","Export value","0113","Rice","2021","2021","1000 USD","72577","A","Official value",""
"TCL","Crops and livestock products","076","Brazil","5610","Import quantity","0113","Rice","2022","2022","t","48903.11","A","Official value",""
"TCL","Crops and livestock products","076","Brazil","5622","Import value","0113","Rice","2022","2022","1000 USD","14993","A","Official value",""
"TCL","Crops and livestock products","076","Brazil","5910","Export quantity","0113","Rice","2022","2022","t","939774.89","A","Official value",""
"TCL","Crops and livestock products","076","Brazil","5922","Export value","0113","Rice","2022","2022","1000 USD","313260","A","Official value",""
"TCL","Crops and livestock products","076","Brazil","5610","Import quantity","0113","Rice","2023","2023","t","25893.27","A","Official value",""
"TCL","Crops and livestock products","076","Brazil","5622","Import value","0113","Rice","2023","2023","1000 USD","11979","A","Official value",""
"TCL","Crops and livestock products","076","Brazil","5910","Export quantity","0113","Rice","2023","2023","t","808173.67","A","Official value",""
"TCL","Crops and livestock products","076","Brazil","5922","Export value","0113","Rice","2023","2023","1000 USD","315153","A","Official value",""
"TCL","Crops and livestock products","076","Brazil","5610","Import quantity","23161.02","Rice, milled","2020","2020","t","518649.63","A","Official value",""
"TCL","Crops and livestock products","076","Brazil","5622","Import value","23161.02","Rice, milled","2020","2020","1000 USD","243340","A","Official value",""
"TCL","Crops and livestock products","076","Brazil","5910","Export quantity","23161.02","Rice, milled","2020","2020","t","486549.81","A","Official value",""
"TCL","Crops and livestock products","076","Brazil","5922","Export value","23161.02","Rice, milled","2020","2020","1000 USD","237169","A","Official value",""
"TCL","Crops and livestock products","076","Brazil","5610","Import quantity","23161.02","Rice, milled","2021","2021","t","388465.96","A","Official value",""
"TCL","Crops and livestock products","076","Brazil","5622","Import value","23161.02","Rice, milled","2021","2021","1000 USD","196800","A","Official value",""
"TCL","Crops and livestock products","076","Brazil","5910","Export quantity","23161.02","Rice, milled","2021","2021","t","271003.54","A","Official value",""
"TCL","Crops and livestock products","076","Brazil","5922","Export value","23161.02","Rice, milled","2021","2021","1000 USD","160864","A","Official value",""
"TCL","Crops and livestock products","076","Brazil","5610","Import quantity","23161.02","Rice, milled","2022","2022","t","498025.86","A","Official value",""
"TCL","Crops and livestock products","076","Brazil","5622","Import value","23161.02","Rice, milled","2022","2022","1000 USD","238480","A","Official value",""
"TCL","Crops and livestock products","076","Brazil","5910","Export quantity","23161.02","Rice, milled","2022","2022","t","328716.62","A","Official value",""
"TCL","Crops and livestock products","076","Brazil","5922","Export value","23161.02","Rice, milled","2022","2022","1000 USD","164786","A","Official value",""
"TCL","Crops and livestock products","076","Brazil","5610","Import quantity","23161.02","Rice, milled","2023","2023","t","607503.72","A","Official value",""
"TCL","Crops and livestock products","076","Brazil","5622","Import value","23161.02","Rice, milled","2023","2023","1000 USD","364322","A","Official value",""
"TCL","Crops and livestock products","076","Brazil","5910","Export quantity","23161.02","Rice, milled","2023","2023","t","191425.77","A","Official value",""
"TCL","Crops and livestock products","076","Brazil","5922","Export value","23161.02","Rice, milled","2023","2023","1000 USD","127153","A","Official value",""
"TCL","Crops and livestock products","076","Brazil","5610","Import quantity","F0030","Rice, paddy (rice milled equivalent)","2020","2020","t","869239.02","A","Official value",""
"TCL","Crops and livestock products","076","Brazil","5622","Import value","F0030","Rice, paddy (rice milled equivalent)","2020","2020","1000 USD","397832","A","Official value",""
"TCL","Crops and livestock products","076","Brazil","5910","Export quantity","F0030","Rice, paddy (rice milled equivalent)","2020","2020","t","1217888.55","A","Official value",""
"TCL","Crops and livestock products","076","Brazil","5922","Export value","F0030","Rice, paddy (rice milled equivalent)","2020","2020","1000 USD","503577","A","Official value",""
"TCL","Crops and livestock products","076","Brazil","5610","Import quantity","F0030","Rice, paddy (rice milled equivalent)","2021","2021","t","686821.85","A","Official value",""
"TCL","Crops and livestock products","076","Brazil","5622","Import value","F0030","Rice, paddy (rice milled equivalent)","2021","2021","1000 USD","332747","A","Official value",""
"TCL","Crops and livestock products","076","Brazil","5910","Export quantity","F0030","Rice, paddy (rice milled equivalent)","2021","2021","t","770898.87","A","Official value",""
"TCL","Crops and livestock products","076","Brazil","5922","Export value","F0030","Rice, paddy (rice milled equivalent)","2021","2021","1000 USD","359087","A","Official value",""
"TCL","Crops and livestock products","076","Brazil","5610","Import quantity","F0030","Rice, paddy (rice milled equivalent)","2022","2022","t","831130.48","A","Official value",""
"TCL","Crops and livestock products","076","Brazil","5622","Import value","F0030","Rice, paddy (rice milled equivalent)","2022","2022","1000 USD","374260","A","Official value",""
"TCL","Crops and livestock products","076","Brazil","5910","Export quantity","F0030","Rice, paddy (rice milled equivalent)","2022","2022","t","1409133.71","A","Official value",""
"TCL","Crops and livestock products","076","Brazil","5922","Export value","F0030","Rice, paddy (rice milled equivalent)","2022","2022","1000 USD","657486","A","Official value",""
"TCL","Crops and livestock products","076","Brazil","5610","Import quantity","F0030","Rice, paddy (rice milled equivalent)","2023","2023","t","990313.49","A","Official value",""
"TCL","Crops and livestock products","076","Brazil","5622","Import value","F0030","Rice, paddy (rice milled equivalent)","2023","2023","1000 USD","558480","A","Official value",""
"TCL","Crops and livestock products","076","Brazil","5910","Export quantity","F0030","Rice, paddy (rice milled equivalent)","2023","2023","t","1168989.47","A","Official value",""
"TCL","Crops and livestock products","076","Brazil","5922","Export value","F0030","Rice, paddy (rice milled equivalent)","2023","2023","1000 USD","621439","A","Official value",""
"TCL","Crops and livestock products","076","Brazil","5610","Import quantity","0141","Soya beans","2020","2020","t","821992.21","A","Official value",""
"TCL","Crops and livestock products","076","Brazil","5622","Import value","0141","Soya beans","2020","2020","1000 USD","281635","A","Official value",""
"TCL","Crops and livestock products","076","Brazil","5910","Export quantity","0141","Soya beans","2020","2020","t","82973413.18","A","Official value",""
"TCL","Crops and livestock products","076","Brazil","5922","Export value","0141","Soya beans","2020","2020","1000 USD","28564147","A","Official value",""
"TCL","Crops and livestock products","076","Brazil","5610","Import quantity","0141","Soya beans","2021","2021","t","863703.53","A","Official value",""
"TCL","Crops and livestock products","076","Brazil","5622","Import value","0141","Soya beans","2021","2021","1000 USD","408317","A","Official value",""
"TCL","Crops and livestock products","076","Brazil","5910","Export quantity","0141","Soya beans","2021","2021","t","86109785.78","A","Official value",""
"TCL","Crops and livestock products","076","Brazil","5922","Export value","0141","Soya beans","2021","2021","1000 USD","38638731","A","Official value",""
"TCL","Crops and livestock products","076","Brazil","5610","Import quantity","0141","Soya beans","2022","2022","t","419172.2","A","Official value",""
"TCL","Crops and livestock products","076","Brazil","5622","Import value","0141","Soya beans","2022","2022","1000 USD","202667","A","Official value",""
"TCL","Crops and livestock products","076","Brazil","5910","Export quantity","0141","Soya beans","2022","2022","t","78932117.89","I","Value imputed by a receiving agency",""
"TCL","Crops and livestock products","076","Brazil","5922","Export value","0141","Soya beans","2022","2022","1000 USD","46664334","A","Official value",""
"TCL","Crops and livestock products","076","Brazil","5610","Import quantity","0141","Soya beans","2023","2023","t","181024.33","A","Official value",""
"TCL","Crops and livestock products","076","Brazil","5622","Import value","0141","Soya beans","2023","2023","1000 USD","88617","A","Official value",""
"TCL","Crops and livestock products","076","Brazil","5910","Export quantity","0141","Soya beans","2023","2023","t","101869901.16","A","Official value",""
"TCL","Crops and livestock products","076","Brazil","5922","Export value","0141","Soya beans","2023","2023","1000 USD","53244619","A","Official value",""
"TCL","Crops and livestock products","076","Brazil","5610","Import quantity","0111","Wheat","2020","2020","t","6159925.81","A","Official value",""
"TCL","Crops and livestock products","076","Brazil","5622","Import value","0111","Wheat","2020","2020","1000 USD","1459354","A","Official value",""
"TCL","Crops and livestock products","076","Brazil","5910","Export quantity","0111","Wheat","2020","2020","t","560878.5","A","Official value",""
"TCL","Crops and livestock products","076","Brazil","5922","Export value","0111","Wheat","2020","2020","1000 USD","111731","A","Official value",""
"TCL","Crops and livestock products","076","Brazil","5610","Import quantity","0111","Wheat","2021","2021","t","6225072.82","A","Official value",""
"TCL","Crops and livestock products","076","Brazil","5622","Import value","0111","Wheat","2021","2021","1000 USD","1850964","A","Official value",""
"TCL","Crops and livestock products","076","Brazil","5910","Export quantity","0111","Wheat","2021","2021","t","1129348.65","A","Official value",""
"TCL","Crops and livestock products","076","Brazil","5922","Export value","0111","Wheat","2021","2021","1000 USD","284037","A","Official value",""
"TCL","Crops and livestock products","076","Brazil","5610","Import quantity","0111","Wheat","2022","2022","t","5716592.14","A","Official value",""
"TCL","Crops and livestock products","076","Brazil","5622","Import value","0111","Wheat","2022","2022","1000 USD","2264152","A","Official value",""
"TCL","Crops and livestock products","076","Brazil","5910","Export quantity","0111","Wheat","2022","2022","t","3072779.16","A","Official value",""
"TCL","Crops and livestock products","076","Brazil","5922","Export value","0111","Wheat","2022","2022","1000 USD","967323","A","Official value",""
"TCL","Crops and livestock products","076","Brazil","5610","Import quantity","0111","Wheat","2023","2023","t","4180827.4","A","Official value",""
"TCL","Crops and livestock products","076","Brazil","5622","Import value","0111","Wheat","2023","2023","1000 USD","1409706","A","Official value",""
"TCL","Crops and livestock products","076","Brazil","5910","Export quantity","0111","Wheat","2023","2023","t","2354625.26","A","Official value",""
"TCL","Crops and livestock products","076","Brazil","5922","Export value","0111","Wheat","2023","2023","1000 USD","724301","A","Official value",""
"TCL","Crops and livestock products","231","Ethiopia","5610","Import quantity","0113","Rice","2020","2020","t","9568.37","A","Official value",""
"TCL","Crops and livestock products","231","Ethiopia","5622","Import value","0113","Rice","2020","2020","1000 USD","10933","A","Official value",""
"TCL","Crops and livestock products","231","Ethiopia","5910","Export quantity","0113","Rice","2020","2020","t","0.01","A","Official value",""
"TCL","Crops and livestock products","231","Ethiopia","5922","Export value","0113","Rice","2020","2020","1000 USD","0","A","Official value",""
"TCL","Crops and livestock products","231","Ethiopia","5610","Import quantity","0113","Rice","2021","2021","t","1635.86","A","Official value",""
"TCL","Crops and livestock products","231","Ethiopia","5622","Import value","0113","Rice","2021","2021","1000 USD","1101","A","Official value",""
"TCL","Crops and livestock products","231","Ethiopia","5610","Import quantity","0113","Rice","2022","2022","t","770.31","A","Official value",""
"TCL","Crops and livestock products","231","Ethiopia","5622","Import value","0113","Rice","2022","2022","1000 USD","678","A","Official value",""
"TCL","Crops and livestock products","231","Ethiopia","5610","Import quantity","0113","Rice","2023","2023","t","1392.03","A","Official value",""
"TCL","Crops and livestock products","231","Ethiopia","5622","Import value","0113","Rice","2023","2023","1000 USD","1332","A","Official value",""
"TCL","Crops and livestock products","231","Ethiopia","5610","Import quantity","23161.02","Rice, milled","2020","2020","t","988933.51","A","Official value",""
"TCL","Crops and livestock products","231","Ethiopia","5622","Import value","23161.02","Rice, milled","2020","2020","1000 USD","247758","A","Official value",""
"TCL","Crops and livestock products","231","Ethiopia","5610","Import quantity","23161.02","Rice, milled","2021","2021","t","1106686.56","A","Official value",""
"TCL","Crops and livestock products","231","Ethiopia","5622","Import value","23161.02","Rice, milled","2021","2021","1000 USD","567735","A","Official value",""
"TCL","Crops and livestock products","231","Ethiopia","5910","Export quantity","23161.02","Rice, milled","2021","2021","t","22.89","A","Official value",""
"TCL","Crops and livestock products","231","Ethiopia","5922","Export value","23161.02","Rice, milled","2021","2021","1000 USD","29","A","Official value",""
"TCL","Crops and livestock products","231","Ethiopia","5610","Import quantity","23161.02","Rice, milled","2022","2022","t","688051.96","A","Official value",""
"TCL","Crops and livestock products","231","Ethiopia","5622","Import value","23161.02","Rice, milled","2022","2022","1000 USD","371398","A","Official value",""
"TCL","Crops and livestock products","231","Ethiopia","5610","Import quantity","23161.02","Rice, milled","2023","2023","t","341803.95","A","Official value",""
"TCL","Crops and livestock products","231","Ethiopia","5622","Import value","23161.02","Rice, milled","2023","2023","1000 USD","190491","A","Official value",""
"TCL","Crops and livestock products","231","Ethiopia","5910","Export quantity","23161.02","Rice, milled","2023","2023","t","219.35","A","Official value",""
"TCL","Crops and livestock products","231","Ethiopia","5922","Export value","23161.02","Rice, milled","2023","2023","1000 USD","112","A","Official value",""
"TCL","Crops and livestock products","231","Ethiopia","5610","Import quantity","F0030","Rice, paddy (rice milled equivalent)","2020","2020","t","1337159.15","A","Official value",""
"TCL","Crops and livestock products","231","Ethiopia","5622","Import value","F0030","Rice, paddy (rice milled equivalent)","2020","2020","1000 USD","316529","A","Official value",""
"TCL","Crops and livestock products","231","Ethiopia","5910","Export quantity","F0030","Rice, paddy (rice milled equivalent)","2020","2020","t","0.01","A","Official value",""
"TCL","Crops and livestock products","231","Ethiopia","5922","Export value","F0030","Rice, paddy (rice milled equivalent)","2020","2020","1000 USD","0","A","Official value",""
"TCL","Crops and livestock products","231","Ethiopia","5610","Import quantity","F0030","Rice, paddy (rice milled equivalent)","2021","2021","t","1400438.06","A","Official value",""
"TCL","Crops and livestock products","231","Ethiopia","5622","Import value","F0030","Rice, paddy (rice milled equivalent)","2021","2021","1000 USD","686542","A","Official value",""
"TCL","Crops and livestock products","231","Ethiopia","5910","Export quantity","F0030","Rice, paddy (rice milled equivalent)","2021","2021","t","22.91","A","Official value",""
"TCL","Crops and livestock products","231","Ethiopia","5922","Export value","F0030","Rice, paddy (rice milled equivalent)","2021","2021","1000 USD","29","A","Official value",""
"TCL","Crops and livestock products","231","Ethiopia","5610","Import quantity","F0030","Rice, paddy (rice milled equivalent)","2022","2022","t","884458.04","A","Official value",""
"TCL","Crops and livestock products","231","Ethiopia","5622","Import value","F0030","Rice, paddy (rice milled equivalent)","2022","2022","1000 USD","453870","A","Official value",""
"TCL","Crops and livestock products","231","Ethiopia","5910","Export quantity","F0030","Rice, paddy (rice milled equivalent)","2022","2022","t","25","A","Official value",""
"TCL","Crops and livestock products","231","Ethiopia","5922","Export value","F0030","Rice, paddy (rice milled equivalent)","2022","2022","1000 USD","2","A","Official value",""
"TCL","Crops and livestock products","231","Ethiopia","5610","Import quantity","F0030","Rice, paddy (rice milled equivalent)","2023","2023","t","430851.88","A","Official value",""
"TCL","Crops and livestock products","231","Ethiopia","5622","Import value","F0030","Rice, paddy (rice milled equivalent)","2023","2023","1000 USD","226216","A","Official value",""
"TCL","Crops and livestock products","231","Ethiopia","5910","Export quantity","F0030","Rice, paddy (rice milled equivalent)","2023","2023","t","219.35","A","Official value",""
"TCL","Crops and livestock products","231","Ethiopia","5922","Export value","F0030","Rice, paddy (rice milled equivalent)","2023","2023","1000 USD","112","A","Official value",""
"TCL","Crops and livestock products","231","Ethiopia","5610","Import quantity","0141","Soya beans","2020","2020","t","9.42","A","Official value",""
"TCL","Crops and livestock products","231","Ethiopia","5622","Import value","0141","Soya beans","2020","2020","1000 USD","293","A","Official value",""
"TCL","Crops and livestock products","231","Ethiopia","5910","Export quantity","0141","Soya beans","2020","2020","t","67627.5","A","Official value",""
"TCL","Crops and livestock products","231","Ethiopia","5922","Export value","0141","Soya beans","2020","2020","1000 USD","39118","A","Official value",""
"TCL","Crops and livestock products","231","Ethiopia","5610","Import quantity","0141","Soya beans","2021","2021","t","3.37","A","Official value",""
"TCL","Crops and livestock products","231","Ethiopia","5622","Import value","0141","Soya beans","2021","2021","1000 USD","484","A","Official value",""
"TCL","Crops and livestock products","231","Ethiopia","5910","Export quantity","0141","Soya beans","2021","2021","t","59121.38","A","Official value",""
"TCL","Crops and livestock products","231","Ethiopia","5922","Export value","0141","Soya beans","2021","2021","1000 USD","43273","A","Official value",""
"TCL","Crops and livestock products","231","Ethiopia","5610","Import quantity","0141","Soya beans","2022","2022","t","2.64","A","Official value",""
"TCL","Crops and livestock products","231","Ethiopia","5622","Import value","0141","Soya beans","2022","2022","1000 USD","162","A","Official value",""
"TCL","Crops and livestock products","231","Ethiopia","5910","Export quantity","0141","Soya beans","2022","2022","t","53705.25","A","Official value",""
"TCL","Crops and livestock products","231","Ethiopia","5922","Export value","0141","Soya beans","2022","2022","1000 USD","44734","A","Official value",""
"TCL","Crops and livestock products","231","Ethiopia","5610","Import quantity","0141","Soya beans","2023","2023","t","3.94","A","Official value",""
"TCL","Crops and livestock products","231","Ethiopia","5622","Import value","0141","Soya beans","2023","2023","1000 USD","157","A","Official value",""
"TCL","Crops and livestock products","231","Ethiopia","5910","Export quantity","0141","Soya beans","2023","2023","t","207604.4","A","Official value",""
"TCL","Crops and livestock products","231","Ethiopia","5922","Export value","0141","Soya beans","2023","2023","1000 USD","130247","A","Official value",""
"TCL","Crops and livestock products","231","Ethiopia","5610","Import quantity","0111","Wheat","2020","2020","t","1054865.9","A","Official value",""
"TCL","Crops and livestock products","231","Ethiopia","5622","Import value","0111","Wheat","2020","2020","1000 USD","429902","A","Official value",""
"TCL","Crops and livestock products","231","Ethiopia","5910","Export quantity","0111","Wheat","2020","2020","t","0.3","A","Official value",""
"TCL","Crops and livestock products","231","Ethiopia","5922","Export value","0111","Wheat","2020","2020","1000 USD","1","A","Official value",""
"TCL","Crops and livestock products","231","Ethiopia","5610","Import quantity","0111","Wheat","2021","2021","t","1836360.63","A","Official value",""
"TCL","Crops and livestock products","231","Ethiopia","5622","Import value","0111","Wheat","2021","2021","1000 USD","938626","A","Official value",""
"TCL","Crops and livestock products","231","Ethiopia","5610","Import quantity","0111","Wheat","2022","2022","t","1394605.55","A","Official value",""
"TCL","Crops and livestock products","231","Ethiopia","5622","Import value","0111","Wheat","2022","2022","1000 USD","865778","A","Official value",""
"TCL","Crops and livestock products","231","Ethiopia","5910","Export quantity","0111","Wheat","2022","2022","t","0.03","A","Official value",""
"TCL","Crops and livestock products","231","Ethiopia","5922","Export value","0111","Wheat","2022","2022","1000 USD","0","A","Official value",""
"TCL","Crops and livestock products","231","Ethiopia","5610","Import quantity","0111","Wheat","2023","2023","t","566791.23","A","Official value",""
"TCL","Crops and livestock products","231","Ethiopia","5622","Import value","0111","Wheat","2023","2023","1000 USD","337763","A","Official value",""
"TCL","Crops and livestock products","356","India","5610","Import quantity","0113","Rice","2020","2020","t","0.3","A","Official value",""
"TCL","Crops and livestock products","356","India","5622","Import value","0113","Rice","2020","2020","1000 USD","3","A","Official value",""
"TCL","Crops and livestock products","356","India","5910","Export quantity","0113","Rice","2020","2020","t","414411.78","A","Official value",""
"TCL","Crops and livestock products","356","India","5922","Export value","0113","Rice","2020","2020","1000 USD","136318","A","Official value",""
"TCL","Crops and livestock products","356","India","5610","Import quantity","0113","Rice","2021","2021","t","228.31","A","Official value",""
"TCL","Crops and livestock products","356","India","5622","Import value","0113","Rice","2021","2021","1000 USD","368","A","Official value",""
"TCL","Crops and livestock products","356","India","5910","Export quantity","0113","Rice","2021","2021","t","691012.9","A","Official value",""
"TCL","Crops and livestock products","356","India","5922","Export value","0113","Rice","2021","2021","1000 USD","209719","A","Official value",""
"TCL","Crops and livestock products","356","India","5610","Import quantity","0113","Rice","2022","2022","t","1.41","I","Value imputed by a receiving agency",""
"TCL","Crops and livestock products","356","India","5622","Import value","0113","Rice","2022","2022","1000 USD","7","A","Official value",""
"TCL","Crops and livestock products","356","India","5910","Export quantity","0113","Rice","2022","2022","t","460635.15","A","Official value",""
"TCL","Crops and livestock products","356","India","5922","Export value","0113","Rice","2022","2022","1000 USD","150513","A","Official value",""
"TCL","Crops and livestock products","356","India","5610","Import quantity","0113","Rice","2023","2023","t","31.26","A","Official value",""
"TCL","Crops and livestock products","356","India","5622","Import value","0113","Rice","2023","2023","1000 USD","119","A","Official value",""
"TCL","Crops and livestock products","356","India","5910","Export quantity","0113","Rice","2023","2023","t","444995.63","A","Official value",""
"TCL","Crops and livestock products","356","India","5922","Export value","0113","Rice","2023","2023","1000 USD","155910","A","Official value",""
"TCL","Crops and livestock products","356","India","5610","Import quantity","23161.02","Rice, milled","2020","2020","t","3800.76","A","Official value",""
"TCL","Crops and livestock products","356","India","5622","Import value","23161.02","Rice, milled","2020","2020","1000 USD","2743","A","Official value",""
"TCL","Crops and livestock products","356","India","5910","Export quantity","23161.02","Rice, milled","2020","2020","t","12993121.73","A","Official value",""
"TCL","Crops and livestock products","356","India","5922","Export value","23161.02","Rice, milled","2020","2020","1000 USD","7484136","A","Official value",""
"TCL","Crops and livestock products","356","India","5610","Import quantity","23161.02","Rice, milled","2021","2021","t","2961.07","A","Official value",""
"TCL","Crops and livestock products","356","India","5622","Import value","23161.02","Rice, milled","2021","2021","1000 USD","2455","A","Official value",""
"TCL","Crops and livestock products","356","India","5910","Export quantity","23161.02","Rice, milled","2021","2021","t","16941723.33","A","Official value",""
"TCL","Crops and livestock products","356","India","5922","Export value","23161.02","Rice, milled","2021","2021","1000 USD","8361333","A","Official value",""
"TCL","Crops and livestock products","356","India","5610","Import quantity","23161.02","Rice, milled","2022","2022","t","11430.98","A","Official value",""
"TCL","Crops and livestock products","356","India","5622","Import value","23161.02","Rice, milled","2022","2022","1000 USD","7106","A","Official value",""
"TCL","Crops and livestock products","356","India","5910","Export quantity","23161.02","Rice, milled","2022","2022","t","17866081.6","A","Official value",""
"TCL","Crops and livestock products","356","India","5922","Export value","23161.02","Rice, milled","2022","2022","1000 USD","9400160","A","Official value",""
"TCL","Crops and livestock products","356","India","5610","Import quantity","23161.02","Rice, milled","2023","2023","t","5962.08","A","Official value",""
"TCL","Crops and livestock products","356","India","5622","Import value","23161.02","Rice, milled","2023","2023","1000 USD","5207","A","Official value",""
"TCL","Crops and livestock products","356","India","5910","Export quantity","23161.02","Rice, milled","2023","2023","t","16325729.67","A","Official value",""
"TCL","Crops and livestock products","356","India","5922","Export value","23161.02","Rice, milled","2023","2023","1000 USD","9914203","A","Official value",""
"TCL","Crops and livestock products","356","India","5610","Import quantity","F0030","Rice, paddy (rice milled equivalent)","2020","2020","t","4434.8","A","Official value",""
"TCL","Crops and livestock products","356","India","5622","Import value","F0030","Rice, paddy (rice milled equivalent)","2020","2020","1000 USD","3323","A","Official value",""
"TCL","Crops and livestock products","356","India","5910","Export quantity","F0030","Rice, paddy (rice milled equivalent)","2020","2020","t","14462833.1","A","Official value",""
"TCL","Crops and livestock products","356","India","5922","Export value","F0030","Rice, paddy (rice milled equivalent)","2020","2020","1000 USD","7980028","A","Official value",""
"TCL","Crops and livestock products","356","India","5610","Import quantity","F0030","Rice, paddy (rice milled equivalent)","2021","2021","t","3649.63","A","Official value",""
"TCL","Crops and livestock products","356","India","5622","Import value","F0030","Rice, paddy (rice milled equivalent)","2021","2021","1000 USD","3240","A","Official value",""
"TCL","Crops and livestock products","356","India","5910","Export quantity","F0030","Rice, paddy (rice milled equivalent)","2021","2021","t","21034658.15","A","Official value",""
"TCL","Crops and livestock products","356","India","5922","Export value","F0030","Rice, paddy (rice milled equivalent)","2021","2021","1000 USD","9623557","A","Official value",""
"TCL","Crops and livestock products","356","India","5610","Import quantity","F0030","Rice, paddy (rice milled equivalent)","2022","2022","t","11797.9","A","Official value",""
"TCL","Crops and livestock products","356","India","5622","Import value","F0030","Rice, paddy (rice milled equivalent)","2022","2022","1000 USD","7419","A","Official value",""
"TCL","Crops and livestock products","356","India","5910","Export quantity","F0030","Rice, paddy (rice milled equivalent)","2022","2022","t","22073746.66","A","Official value",""
"TCL","Crops and livestock products","356","India","5922","Export value","F0030","Rice, paddy (rice milled equivalent)","2022","2022","1000 USD","10766623","A","Official value",""
"TCL","Crops and livestock products","356","India","5610","Import quantity","F0030","Rice, paddy (rice milled equivalent)","2023","2023","t","5997.4","A","Official value",""
"TCL","Crops and livestock products","356","India","5622","Import value","F0030","Rice, paddy (rice milled equivalent)","2023","2023","1000 USD","5339","A","Official value",""
"TCL","Crops and livestock products","356","India","5910","Export quantity","F0030","Rice, paddy (rice milled equivalent)","2023","2023","t","17696955.46","A","Official value",""
"TCL","Crops and livestock products","356","India","5922","Export value","F0030","Rice, paddy (rice milled equivalent)","2023","2023","1000 USD","10453280","A","Official value",""
"TCL","Crops and livestock products","356","India","5610","Import quantity","0141","Soya beans","2020","2020","t","505223.2","A","Official value",""
"TCL","Crops and livestock products","356","India","5622","Import value","0141","Soya beans","2020","2020","1000 USD","292094","A","Official value",""
"TCL","Crops and livestock products","356","India","5910","Export quantity","0141","Soya beans","2020","2020","t","72020.55","A","Official value",""
"TCL","Crops and livestock products","356","India","5922","Export value","0141","Soya beans","2020","2020","1000 USD","44126","A","Official value",""
"TCL","Crops and livestock products","356","India","5610","Import quantity","0141","Soya beans","2021","2021","t","614922.75","A","Official value",""
"TCL","Crops and livestock products","356","India","5622","Import value","0141","Soya beans","2021","2021","1000 USD","488367","A","Official value",""
"TCL","Crops and livestock products","356","India","5910","Export quantity","0141","Soya beans","2021","2021","t","24477.92","A","Official value",""
"TCL","Crops and livestock products","356","India","5922","Export value","0141","Soya beans","2021","2021","1000 USD","19988","A","Official value",""
"TCL","Crops and livestock products","356","India","5610","Import quantity","0141","Soya beans","2022","2022","t","489574.93","A","Official value",""
"TCL","Crops and livestock products","356","India","5622","Import value","0141","Soya beans","2022","2022","1000 USD","416441","A","Official value",""
"TCL","Crops and livestock products","356","India","5910","Export quantity","0141","Soya beans","2022","2022","t","54393.26","A","Official value",""
"TCL","Crops and livestock products","356","India","5922","Export value","0141","Soya beans","2022","2022","1000 USD","50343","A","Official value",""
"TCL","Crops and livestock products","356","India","5610","Import quantity","0141","Soya beans","2023","2023","t","724938.63","A","Official value",""
"TCL","Crops and livestock products","356","India","5622","Import value","0141","Soya beans","2023","2023","1000 USD","457079","A","Official value",""
"TCL","Crops and livestock products","356","India","5910","Export quantity","0141","Soya beans","2023","2023","t","22477.34","A","Official value",""
"TCL","Crops and livestock products","356","India","5922","Export value","0141","Soya beans","2023","2023","1000 USD","18116","A","Official value",""
"TCL","Crops and livestock products","356","India","5610","Import quantity","0111","Wheat","2020","2020","t","221.6","A","Official value",""
"TCL","Crops and livestock products","356","India","5622","Import value","0111","Wheat","2020","2020","1000 USD","67","A","Official value",""
"TCL","Crops and livestock products","356","India","5910","Export quantity","0111","Wheat","2020","2020","t","928683.78","A","Official value",""
"TCL","Crops and livestock products","356","India","5922","Export value","0111","Wheat","2020","2020","1000 USD","243067","A","Official value",""
"TCL","Crops and livestock products","356","India","5610","Import quantity","0111","Wheat","2021","2021","t","56.66","A","Official value",""
"TCL","Crops and livestock products","356","India","5622","Import value","0111","Wheat","2021","2021","1000 USD","25","A","Official value",""
"TCL","Crops and livestock products","356","India","5910","Export quantity","0111","Wheat","2021","2021","t","6090607.37","A","Official value",""
"TCL","Crops and livestock products","356","India","5922","Export value","0111","Wheat","2021","2021","1000 USD","1723431","A","Official value",""
"TCL","Crops and livestock products","356","India","5610","Import quantity","0111","Wheat","2022","2022","t","49.56","A","Official value",""
"TCL","Crops and livestock products","356","India","5622","Import value","0111","Wheat","2022","2022","1000 USD","26","A","Official value",""
"TCL","Crops and livestock products","356","India","5910","Export quantity","0111","Wheat","2022","2022","t","6798598.3","A","Official value",""
"TCL","Crops and livestock products","356","India","5922","Export value","0111","Wheat","2022","2022","1000 USD","2130739","A","Official value",""
"TCL","Crops and livestock products","356","India","5610","Import quantity","0111","Wheat","2023","2023","t","85007.6","A","Official value",""
"TCL","Crops and livestock products","356","India","5622","Import value","0111","Wheat","2023","2023","1000 USD","31815","A","Official value",""
"TCL","Crops and livestock products","356","India","5910","Export quantity","0111","Wheat","2023","2023","t","157566.49","A","Official value",""
"TCL","Crops and livestock products","356","India","5922","Export value","0111","Wheat","2023","2023","1000 USD","48234","A","Official value",""
"TCL","Crops and livestock products","404","Kenya","5610","Import quantity","0113","Rice","2020","2020","t","16455.08","A","Official value",""
"TCL","Crops and livestock products","404","Kenya","5622","Import value","0113","Rice","2020","2020","1000 USD","4640","A","Official value",""
"TCL","Crops and livestock products","404","Kenya","5910","Export quantity","0113","Rice","2020","2020","t","21.43","A","Official value",""
"TCL","Crops and livestock products","404","Kenya","5922","Export value","0113","Rice","2020","2020","1000 USD","61","A","Official value",""
"TCL","Crops and livestock products","404","Kenya","5610","Import quantity","0113","Rice","2021","2021","t","31118.34","A","Official value",""
"TCL","Crops and livestock products","404","Kenya","5622","Import value","0113","Rice","2021","2021","1000 USD","10055","A","Official value",""
"TCL","Crops and livestock products","404","Kenya","5910","Export quantity","0113","Rice","2021","2021","t","61.56","A","Official value",""
"TCL","Crops and livestock products","404","Kenya","5922","Export value","0113","Rice","2021","2021","1000 USD","17","A","Official value",""
"TCL","Crops and livestock products","404","Kenya","5610","Import quantity","0113","Rice","2022","2022","t","1524.03","A","Official value",""
"TCL","Crops and livestock products","404","Kenya","5622","Import value","0113","Rice","2022","2022","1000 USD","448","A","Official value",""
"TCL","Crops and livestock products","404","Kenya","5910","Export quantity","0113","Rice","2022","2022","t","10.31","A","Official value",""
"TCL","Crops and livestock products","404","Kenya","5922","Export value","0113","Rice","2022","2022","1000 USD","6","A","Official value",""
"TCL","Crops and livestock products","404","Kenya","5610","Import quantity","0113","Rice","2023","2023","t","99.68","A","Official value",""
"TCL","Crops and livestock products","404","Kenya","5622","Import value","0113","Rice","2023","2023","1000 USD","226","A","Official value",""
"TCL","Crops and livestock products","404","Kenya","5910","Export quantity","0113","Rice","2023","2023","t","6.31","A","Official value",""
"TCL","Crops and livestock products","404","Kenya","5922","Export value","0113","Rice","2023","2023","1000 USD","7","A","Official value",""
"TCL","Crops and livestock products","404","Kenya","5610","Import quantity","23161.02","Rice, milled","2020","2020","t","582129.58","A","Official value",""
"TCL","Crops and livestock products","404","Kenya","5622","Import value","23161.02","Rice, milled","2020","2020","1000 USD","240306","A","Official value",""
"TCL","Crops and livestock products","404","Kenya","5910","Export quantity","23161.02","Rice, milled","2020","2020","t","134.16","A","Official value",""
"TCL","Crops and livestock products","404","Kenya","5922","Export value","23161.02","Rice, milled","2020","2020","1000 USD","69","A","Official value",""
"TCL","Crops and livestock products","404","Kenya","5610","Import quantity","23161.02","Rice, milled","2021","2021","t","596175.32","I","Value imputed by a receiving agency",""
"TCL","Crops and livestock products","404","Kenya","5622","Import value","23161.02","Rice, milled","2021","2021","1000 USD","271992","A","Official value",""
"TCL","Crops and livestock products","404","Kenya","5910","Export quantity","23161.02","Rice, milled","2021","2021","t","68.77","A","Official value",""
"TCL","Crops and livestock products","404","Kenya","5922","Export value","23161.02","Rice, milled","2021","2021","1000 USD","56","A","Official value",""
"TCL","Crops and livestock products","404","Kenya","5610","Import quantity","23161.02","Rice, milled","2022","2022","t","670579.98","A","Official value",""
"TCL","Crops and livestock products","404","Kenya","5622","Import value","23161.02","Rice, milled","2022","2022","1000 USD","288285","A","Official value",""
"TCL","Crops and livestock products","404","Kenya","5910","Export quantity","23161.02","Rice, milled","2022","2022","t","135.12","A","Official value",""
"TCL","Crops and livestock products","404","Kenya","5922","Export value","23161.02","Rice, milled","2022","2022","1000 USD","92","A","Official value",""
"TCL","Crops and livestock products","404","Kenya","5610","Import quantity","23161.02","Rice, milled","2023","2023","t","869406.41","A","Official value",""
"TCL","Crops and livestock products","404","Kenya","5622","Import value","23161.02","Rice, milled","2023","2023","1000 USD","351505","A","Official value",""
"TCL","Crops and livestock products","404","Kenya","5910","Export quantity","23161.02","Rice, milled","2023","2023","t","1314.91","A","Official value",""
"TCL","Crops and livestock products","404","Kenya","5922","Export value","23161.02","Rice, milled","2023","2023","1000 USD","939","A","Official value",""
"TCL","Crops and livestock products","404","Kenya","5610","Import quantity","F0030","Rice, paddy (rice milled equivalent)","2020","2020","t","598689.67","A","Official value",""
"TCL","Crops and livestock products","404","Kenya","5622","Import value","F0030","Rice, paddy (rice milled equivalent)","2020","2020","1000 USD","246721","A","Official value",""
"TCL","Crops and livestock products","404","Kenya","5910","Export quantity","F0030","Rice, paddy (rice milled equivalent)","2020","2020","t","428.66","A","Official value",""
"TCL","Crops and livestock products","404","Kenya","5922","Export value","F0030","Rice, paddy (rice milled equivalent)","2020","2020","1000 USD","320","A","Official value",""
"TCL","Crops and livestock products","404","Kenya","5610","Import quantity","F0030","Rice, paddy (rice milled equivalent)","2021","2021","t","618642.81","E","Estimated value",""
"TCL","Crops and livestock products","404","Kenya","5622","Import value","F0030","Rice, paddy (rice milled equivalent)","2021","2021","1000 USD","283018","A","Official value",""
"TCL","Crops and livestock products","404","Kenya","5910","Export quantity","F0030","Rice, paddy (rice milled equivalent)","2021","2021","t","399.97","A","Official value",""
"TCL","Crops and livestock products","404","Kenya","5922","Export value","F0030","Rice, paddy (rice milled equivalent)","2021","2021","1000 USD","191","A","Official value",""
"TCL","Crops and livestock products","404","Kenya","5610","Import quantity","F0030","Rice, paddy (rice milled equivalent)","2022","2022","t","676166.65","A","Official value",""
"TCL","Crops and livestock products","404","Kenya","5622","Import value","F0030","Rice, paddy (rice milled equivalent)","2022","2022","1000 USD","290969","A","Official value",""
"TCL","Crops and livestock products","404","Kenya","5910","Export quantity","F0030","Rice, paddy (rice milled equivalent)","2022","2022","t","184.61","A","Official value",""
"TCL","Crops and livestock products","404","Kenya","5922","Export value","F0030","Rice, paddy (rice milled equivalent)","2022","2022","1000 USD","145","A","Official value",""
"TCL","Crops and livestock products","404","Kenya","5610","Import quantity","F0030","Rice, paddy (rice milled equivalent)","2023","2023","t","935894.68","A","Official value",""
"TCL","Crops and livestock products","404","Kenya","5622","Import value","F0030","Rice, paddy (rice milled equivalent)","2023","2023","1000 USD","389984","A","Official value",""
"TCL","Crops and livestock products","404","Kenya","5910","Export quantity","F0030","Rice, paddy (rice milled equivalent)","2023","2023","t","1372.73","A","Official value",""
"TCL","Crops and livestock products","404","Kenya","5922","Export value","F0030","Rice, paddy (rice milled equivalent)","2023","2023","1000 USD","1007","A","Official value",""
"TCL","Crops and livestock products","404","Kenya","5610","Import quantity","0141","Soya beans","2020","2020","t","23335.62","A","Official value",""
"TCL","Crops and livestock products","404","Kenya","5622","Import value","0141","Soya beans","2020","2020","1000 USD","10135","A","Official value",""
"TCL","Crops and livestock products","404","Kenya","5910","Export quantity","0141","Soya beans","2020","2020","t","1.38","A","Official value",""
"TCL","Crops and livestock products","404","Kenya","5922","Export value","0141","Soya beans","2020","2020","1000 USD","1","A","Official value",""
"TCL","Crops and livestock products","404","Kenya","5610","Import quantity","0141","Soya beans","2021","2021","t","1750.49","A","Official value",""
"TCL","Crops and livestock products","404","Kenya","5622","Import value","0141","Soya beans","2021","2021","1000 USD","883","A","Official value",""
"TCL","Crops and livestock products","404","Kenya","5910","Export quantity","0141","Soya beans","2021","2021","t","302.59","A","Official value",""
"TCL","Crops and livestock products","404","Kenya","5922","Export value","0141","Soya beans","2021","2021","1000 USD","384","A","Official value",""
"TCL","Crops and livestock products","404","Kenya","5610","Import quantity","0141","Soya beans","2022","2022","t","1482.06","A","Official value",""
"TCL","Crops and livestock products","404","Kenya","5622","Import value","0141","Soya beans","2022","2022","1000 USD","505","A","Official value",""
"TCL","Crops and livestock products","404","Kenya","5910","Export quantity","0141","Soya beans","2022","2022","t","3.26","A","Official value",""
"TCL","Crops and livestock products","404","Kenya","5922","Export value","0141","Soya beans","2022","2022","1000 USD","6","A","Official value",""
"TCL","Crops and livestock products","404","Kenya","5610","Import quantity","0141","Soya beans","2023","2023","t","1122.22","A","Official value",""
"TCL","Crops and livestock products","404","Kenya","5622","Import value","0141","Soya beans","2023","2023","1000 USD","288","A","Official value",""
"TCL","Crops and livestock products","404","Kenya","5910","Export quantity","0141","Soya beans","2023","2023","t","22.61","A","Official value",""
"TCL","Crops and livestock products","404","Kenya","5922","Export value","0141","Soya beans","2023","2023","1000 USD","15","A","Official value",""
"TCL","Crops and livestock products","404","Kenya","5610","Import quantity","0111","Wheat","2020","2020","t","1882399.73","A","Official value",""
"TCL","Crops and livestock products","404","Kenya","5622","Import value","0111","Wheat","2020","2020","1000 USD","458151","A","Official value",""
"TCL","Crops and livestock products","404","Kenya","5910","Export quantity","0111","Wheat","2020","2020","t","1039.27","A","Official value",""
"TCL","Crops and livestock products","404","Kenya","5922","Export value","0111","Wheat","2020","2020","1000 USD","482","A","Official value",""
"TCL","Crops and livestock products","404","Kenya","5610","Import quantity","0111","Wheat","2021","2021","t","1889865.42","A","Official value",""
"TCL","Crops and livestock products","404","Kenya","5622","Import value","0111","Wheat","2021","2021","1000 USD","567588","A","Official value",""
"TCL","Crops and livestock products","404","Kenya","5910","Export quantity","0111","Wheat","2021","2021","t","1048.81","A","Official value",""
"TCL","Crops and livestock products","404","Kenya","5922","Export value","0111","Wheat","2021","2021","1000 USD","350","A","Official value",""
"TCL","Crops and livestock products","404","Kenya","5610","Import quantity","0111","Wheat","2022","2022","t","1676537.75","A","Official value",""
"TCL","Crops and livestock products","404","Kenya","5622","Import value","0111","Wheat","2022","2022","1000 USD","660529","A","Official value",""
"TCL","Crops and livestock products","404","Kenya","5910","Export quantity","0111","Wheat","2022","2022","t","1520.85","A","Official value",""
"TCL","Crops and livestock products","404","Kenya","5922","Export value","0111","Wheat","2022","2022","1000 USD","372","A","Official value",""
"TCL","Crops and livestock products","404","Kenya","5610","Import quantity","0111","Wheat","2023","2023","t","2036933.44","A","Official value",""
"TCL","Crops and livestock products","404","Kenya","5622","Import value","0111","Wheat","2023","2023","1000 USD","666760","A","Official value",""
"TCL","Crops and livestock products","404","Kenya","5910","Export quantity","0111","Wheat","2023","2023","t","19348.67","A","Official value",""
"TCL","Crops and livestock products","404","Kenya","5922","Export value","0111","Wheat","2023","2023","1000 USD","5246","A","Official value",""
"TCL","Crops and livestock products","706","Somalia","5610","Import quantity","0113","Rice","2020","2020","t","12","X","Value from external organization","Estimated data using trading partners database"
"TCL","Crops and livestock products","706","Somalia","5622","Import value","0113","Rice","2020","2020","1000 USD","9","X","Value from external organization","Estimated data using trading partners database"
"TCL","Crops and livestock products","706","Somalia","5610","Import quantity","0113","Rice","2021","2021","t","173.82","X","Value from external organization","Estimated data using trading partners database"
"TCL","Crops and livestock products","706","Somalia","5622","Import value","0113","Rice","2021","2021","1000 USD","100","X","Value from external organization","Estimated data using trading partners database"
"TCL","Crops and livestock products","706","Somalia","5610","Import quantity","0113","Rice","2022","2022","t","275.86","X","Value from external organization","Estimated data using trading partners database"
"TCL","Crops and livestock products","706","Somalia","5622","Import value","0113","Rice","2022","2022","1000 USD","188","X","Value from external organization","Estimated data using trading partners database"
"TCL","Crops and livestock products","706","Somalia","5610","Import quantity","23161.02","Rice, milled","2020","2020","t","523001.92","X","Value from external organization","Estimated data using trading partners database"
"TCL","Crops and livestock products","706","Somalia","5622","Import value","23161.02","Rice, milled","2020","2020","1000 USD","231067","X","Value from external organization","Estimated data using trading partners database"
"TCL","Crops and livestock products","706","Somalia","5910","Export quantity","23161.02","Rice, milled","2020","2020","t","0","X","Value from external organization","Estimated data using trading partners database"
"TCL","Crops and livestock products","706","Somalia","5922","Export value","23161.02","Rice, milled","2020","2020","1000 USD","0","X","Value from external organization","Estimated data using trading partners database"
"TCL","Crops and livestock products","706","Somalia","5610","Import quantity","23161.02","Rice, milled","2021","2021","t","495632.21","X","Value from external organization","Estimated data using trading partners database"
"TCL","Crops and livestock products","706","Somalia","5622","Import value","23161.02","Rice, milled","2021","2021","1000 USD","219796","X","Value from external organization","Estimated data using trading partners database"
"TCL","Crops and livestock products","706","Somalia","5610","Import quantity","23161.02","Rice, milled","2022","2022","t","615401.64","X","Value from external organization","Estimated data using trading partners database"
"TCL","Crops and livestock products","706","Somalia","5622","Import value","23161.02","Rice, milled","2022","2022","1000 USD","270778","X","Value from external organization","Estimated data using trading partners database"
"TCL","Crops and livestock products","706","Somalia","5610","Import quantity","23161.02","Rice, milled","2023","2023","t","484445.87","X","Value from external organization","Estimated data using trading partners database"
"TCL","Crops and livestock products","706","Somalia","5622","Import value","23161.02","Rice, milled","2023","2023","1000 USD","252662","X","Value from external organization","Estimated data using trading partners database"
"TCL","Crops and livestock products","706","Somalia","5610","Import quantity","F0030","Rice, paddy (rice milled equivalent)","2020","2020","t","523527.96","X","Value from external organization",""
"TCL","Crops and livestock products","706","Somalia","5622","Import value","F0030","Rice, paddy (rice milled equivalent)","2020","2020","1000 USD","231323","X","Value from external organization",""
"TCL","Crops and livestock products","706","Somalia","5910","Export quantity","F0030","Rice, paddy (rice milled equivalent)","2020","2020","t","0","X","Value from external organization",""
"TCL","Crops and livestock products","706","Somalia","5922","Export value","F0030","Rice, paddy (rice milled equivalent)","2020","2020","1000 USD","0","X","Value from external organization",""
"TCL","Crops and livestock products","706","Somalia","5610","Import quantity","F0030","Rice, paddy (rice milled equivalent)","2021","2021","t","496799.45","X","Value from external organization",""
"TCL","Crops and livestock products","706","Somalia","5622","Import value","F0030","Rice, paddy (rice milled equivalent)","2021","2021","1000 USD","220372","X","Value from external organization",""
"TCL","Crops and livestock products","706","Somalia","5610","Import quantity","F0030","Rice, paddy (rice milled equivalent)","2022","2022","t","618548.58","X","Value from external organization",""
"TCL","Crops and livestock products","706","Somalia","5622","Import value","F0030","Rice, paddy (rice milled equivalent)","2022","2022","1000 USD","272144","X","Value from external organization",""
"TCL","Crops and livestock products","706","Somalia","5610","Import quantity","F0030","Rice, paddy (rice milled equivalent)","2023","2023","t","484673.38","X","Value from external organization",""
"TCL","Crops and livestock products","706","Somalia","5622","Import value","F0030","Rice, paddy (rice milled equivalent)","2023","2023","1000 USD","252793","X","Value from external organization",""
"TCL","Crops and livestock products","706","Somalia","5610","Import quantity","0141","Soya beans","2023","2023","t","20.98","X","Value from external organization","Estimated data using trading partners database"
"TCL","Crops and livestock products","706","Somalia","5622","Import value","0141","Soya beans","2023","2023","1000 USD","16","X","Value from external organization","Estimated data using trading partners database"
"TCL","Crops and livestock products","706","Somalia","5610","Import quantity","0111","Wheat","2020","2020","t","75413.52","X","Value from external organization","Estimated data using trading partners database"
"TCL","Crops and livestock products","706","Somalia","5622","Import value","0111","Wheat","2020","2020","1000 USD","19797","X","Value from external organization","Estimated data using trading partners database"
"TCL","Crops and livestock products","706","Somalia","5610","Import quantity","0111","Wheat","2021","2021","t","73265.06","X","Value from external organization","Estimated data using trading partners database"
"TCL","Crops and livestock products","706","Somalia","5622","Import value","0111","Wheat","2021","2021","1000 USD","23292","X","Value from external organization","Estimated data using trading partners database"
"TCL","Crops and livestock products","706","Somalia","5910","Export quantity","0111","Wheat","2021","2021","t","38.59","X","Value from external organization","Estimated data using trading partners database"
"TCL","Crops and livestock products","706","Somalia","5922","Export value","0111","Wheat","2021","2021","1000 USD","16","X","Value from external organization","Estimated data using trading partners database"
"TCL","Crops and livestock products","706","Somalia","5610","Import quantity","0111","Wheat","2022","2022","t","133873.01","X","Value from external organization","Estimated data using trading partners database"
"TCL","Crops and livestock products","706","Somalia","5622","Import value","0111","Wheat","2022","2022","1000 USD","47726","X","Value from external organization","Estimated data using trading partners database"
"TCL","Crops and livestock products","706","Somalia","5610","Import quantity","0111","Wheat","2023","2023","t","2215.41","X","Value from external organization","Estimated data using trading partners database"
"TCL","Crops and livestock products","706","Somalia","5622","Import value","0111","Wheat","2023","2023","1000 USD","900","X","Value from external organization","Estimated data using trading partners database"
"TCL","Crops and livestock products","764","Thailand","5610","Import quantity","0113","Rice","2020","2020","t","0.23","I","Value imputed by a receiving agency",""
"TCL","Crops and livestock products","764","Thailand","5622","Import value","0113","Rice","2020","2020","1000 USD","1","A","Official value",""
"TCL","Crops and livestock products","764","Thailand","5910","Export quantity","0113","Rice","2020","2020","t","0.06","A","Official value",""
"TCL","Crops and livestock products","764","Thailand","5922","Export value","0113","Rice","2020","2020","1000 USD","1","A","Official value",""
"TCL","Crops and livestock products","764","Thailand","5910","Export quantity","0113","Rice","2021","2021","t","0.06","A","Official value",""
"TCL","Crops and livestock products","764","Thailand","5922","Export value","0113","Rice","2021","2021","1000 USD","0","A","Official value",""
"TCL","Crops and livestock products","764","Thailand","5610","Import quantity","0113","Rice","2022","2022","t","0","A","Official value",""
"TCL","Crops and livestock products","764","Thailand","5622","Import value","0113","Rice","2022","2022","1000 USD","1","A","Official value",""
"TCL","Crops and livestock products","764","Thailand","5910","Export quantity","0113","Rice","2022","2022","t","0.01","A","Official value",""
"TCL","Crops and livestock products","764","Thailand","5922","Export value","0113","Rice","2022","2022","1000 USD","0","A","Official value",""
"TCL","Crops and livestock products","764","Thailand","5610","Import quantity","0113","Rice","2023","2023","t","0","A","Official value",""
"TCL","Crops and livestock products","764","Thailand","5622","Import value","0113","Rice","2023","2023","1000 USD","0","A","Official value",""
"TCL","Crops and livestock products","764","Thailand","5910","Export quantity","0113","Rice","2023","2023","t","0.01","A","Official value",""
"TCL","Crops and livestock products","764","Thailand","5922","Export value","0113","Rice","2023","2023","1000 USD","0","A","Official value",""
"TCL","Crops and livestock products","764","Thailand","5610","Import quantity","23161.02","Rice, milled","2020","2020","t","21294.19","I","Value imputed by a receiving agency",""
"TCL","Crops and livestock products","764","Thailand","5622","Import value","23161.02","Rice, milled","2020","2020","1000 USD","13599","A","Official value",""
"TCL","Crops and livestock products","764","Thailand","5910","Export quantity","23161.02","Rice, milled","2020","2020","t","4946596.91","I","Value imputed by a receiving agency",""
"TCL","Crops and livestock products","764","Thailand","5922","Export value","23161.02","Rice, milled","2020","2020","1000 USD","3292167","A","Official value",""
"TCL","Crops and livestock products","764","Thailand","5610","Import quantity","23161.02","Rice, milled","2021","2021","t","14601.02","A","Official value",""
"TCL","Crops and livestock products","764","Thailand","5622","Import value","23161.02","Rice, milled","2021","2021","1000 USD","10470","A","Official value",""
"TCL","Crops and livestock products","764","Thailand","5910","Export quantity","23161.02","Rice, milled","2021","2021","t","5231762.07","I","Value imputed by a receiving agency",""
"TCL","Crops and livestock products","764","Thailand","5922","Export value","23161.02","Rice, milled","2021","2021","1000 USD","2946171","A","Official value",""
"TCL","Crops and livestock products","764","Thailand","5610","Import quantity","23161.02","Rice, milled","2022","2022","t","12654.09","I","Value imputed by a receiving agency",""
"TCL","Crops and livestock products","764","Thailand","5622","Import value","23161.02","Rice, milled","2022","2022","1000 USD","12325","I","Value imputed by a receiving agency",""
"TCL","Crops and livestock products","764","Thailand","5910","Export quantity","23161.02","Rice, milled","2022","2022","t","6785757.14","A","Official value",""
"TCL","Crops and livestock products","764","Thailand","5922","Export value","23161.02","Rice, milled","2022","2022","1000 USD","3544301","A","Official value",""
"TCL","Crops and livestock products","764","Thailand","5610","Import quantity","23161.02","Rice, milled","2023","2023","t","15394.48","A","Official value",""
"TCL","Crops and livestock products","764","Thailand","5622","Import value","23161.02","Rice, milled","2023","2023","1000 USD","12399","A","Official value",""
"TCL","Crops and livestock products","764","Thailand","5910","Export quantity","23161.02","Rice, milled","2023","2023","t","7652708.62","I","Value imputed by a receiving agency",""
"TCL","Crops and livestock products","764","Thailand","5922","Export value","23161.02","Rice, milled","2023","2023","1000 USD","4580042","A","Official value",""
"TCL","Crops and livestock products","764","Thailand","5610","Import quantity","F0030","Rice, paddy (rice milled equivalent)","2020","2020","t","45235.21","E","Estimated value",""
"TCL","Crops and livestock products","764","Thailand","5622","Import value","F0030","Rice, paddy (rice milled equivalent)","2020","2020","1000 USD","18369","A","Official value",""
"TCL","Crops and livestock products","764","Thailand","5910","Export quantity","F0030","Rice, paddy (rice milled equivalent)","2020","2020","t","5665164.43","E","Estimated value",""
"TCL","Crops and livestock products","764","Thailand","5922","Export value","F0030","Rice, paddy (rice milled equivalent)","2020","2020","1000 USD","3710031","A","Official value",""
"TCL","Crops and livestock products","764","Thailand","5610","Import quantity","F0030","Rice, paddy (rice milled equivalent)","2021","2021","t","25211.45","A","Official value",""
"TCL","Crops and livestock products","764","Thailand","5622","Import value","F0030","Rice, paddy (rice milled equivalent)","2021","2021","1000 USD","11923","A","Official value",""
"TCL","Crops and livestock products","764","Thailand","5910","Export quantity","F0030","Rice, paddy (rice milled equivalent)","2021","2021","t","6065096.91","E","Estimated value",""
"TCL","Crops and livestock products","764","Thailand","5922","Export value","F0030","Rice, paddy (rice milled equivalent)","2021","2021","1000 USD","3341979","A","Official value",""
"TCL","Crops and livestock products","764","Thailand","5610","Import quantity","F0030","Rice, paddy (rice milled equivalent)","2022","2022","t","13610.5","E","Estimated value",""
"TCL","Crops and livestock products","764","Thailand","5622","Import value","F0030","Rice, paddy (rice milled equivalent)","2022","2022","1000 USD","12485","E","Estimated value",""
"TCL","Crops and livestock products","764","Thailand","5910","Export quantity","F0030","Rice, paddy (rice milled equivalent)","2022","2022","t","7684732.4","A","Official value",""
"TCL","Crops and livestock products","764","Thailand","5922","Export value","F0030","Rice, paddy (rice milled equivalent)","2022","2022","1000 USD","3955232","A","Official value",""
"TCL","Crops and livestock products","764","Thailand","5610","Import quantity","F0030","Rice, paddy (rice milled equivalent)","2023","2023","t","15714.26","A","Official value",""
"TCL","Crops and livestock products","764","Thailand","5622","Import value","F0030","Rice, paddy (rice milled equivalent)","2023","2023","1000 USD","12669","A","Official value",""
"TCL","Crops and livestock products","764","Thailand","5910","Export quantity","F0030","Rice, paddy (rice milled equivalent)","2023","2023","t","8759655.25","E","Estimated value",""
"TCL","Crops and livestock products","764","Thailand","5922","Export value","F0030","Rice, paddy (rice milled equivalent)","2023","2023","1000 USD","5147343","A","Official value",""
"TCL","Crops and livestock products","764","Thailand","5610","Import quantity","0141","Soya beans","2020","2020","t","4044715.3","A","Official value",""
"TCL","Crops and livestock products","764","Thailand","5622","Import value","0141","Soya beans","2020","2020","1000 USD","1602980","A","Official value",""
"TCL","Crops and livestock products","764","Thailand","5910","Export quantity","0141","Soya beans","2020","2020","t","1718.41","A","Official value",""
"TCL","Crops and livestock products","764","Thailand","5922","Export value","0141","Soya beans","2020","2020","1000 USD","1068","A","Official value",""
"TCL","Crops and livestock products","764","Thailand","5610","Import quantity","0141","Soya beans","2021","2021","t","3996771.48","A","Official value",""
"TCL","Crops and livestock products","764","Thailand","5622","Import value","0141","Soya beans","2021","2021","1000 USD","2266639","A","Official value",""
"TCL","Crops and livestock products","764","Thailand","5910","Export quantity","0141","Soya beans","2021","2021","t","942.35","A","Official value",""
"TCL","Crops and livestock products","764","Thailand","5922","Export value","0141","Soya beans","2021","2021","1000 USD","588","A","Official value",""
"TCL","Crops and livestock products","764","Thailand","5610","Import quantity","0141","Soya beans","2022","2022","t","3022180.26","A","Official value",""
"TCL","Crops and livestock products","764","Thailand","5622","Import value","0141","Soya beans","2022","2022","1000 USD","2014661","A","Official value",""
"TCL","Crops and livestock products","764","Thailand","5910","Export quantity","0141","Soya beans","2022","2022","t","935.35","A","Official value",""
"TCL","Crops and livestock products","764","Thailand","5922","Export value","0141","Soya beans","2022","2022","1000 USD","570","A","Official value",""
"TCL","Crops and livestock products","764","Thailand","5610","Import quantity","0141","Soya beans","2023","2023","t","3284969.31","A","Official value",""
"TCL","Crops and livestock products","764","Thailand","5622","Import value","0141","Soya beans","2023","2023","1000 USD","2012814","A","Official value",""
"TCL","Crops and livestock products","764","Thailand","5910","Export quantity","0141","Soya beans","2023","2023","t","299.23","A","Official value",""
"TCL","Crops and livestock products","764","Thailand","5922","Export value","0141","Soya beans","2023","2023","1000 USD","294","A","Official value",""
"TCL","Crops and livestock products","764","Thailand","5610","Import quantity","0111","Wheat","2020","2020","t","3096831.8","A","Official value",""
"TCL","Crops and livestock products","764","Thailand","5622","Import value","0111","Wheat","2020","2020","1000 USD","778636","A","Official value",""
"TCL","Crops and livestock products","764","Thailand","5910","Export quantity","0111","Wheat","2020","2020","t","9.27","A","Official value",""
"TCL","Crops and livestock products","764","Thailand","5922","Export value","0111","Wheat","2020","2020","1000 USD","20","A","Official value",""
"TCL","Crops and livestock products","764","Thailand","5610","Import quantity","0111","Wheat","2021","2021","t","2675271.28","A","Official value",""
"TCL","Crops and livestock products","764","Thailand","5622","Import value","0111","Wheat","2021","2021","1000 USD","797693","A","Official value",""
"TCL","Crops and livestock products","764","Thailand","5910","Export quantity","0111","Wheat","2021","2021","t","16.07","A","Official value",""
"TCL","Crops and livestock products","764","Thailand","5922","Export value","0111","Wheat","2021","2021","1000 USD","36","A","Official value",""
"TCL","Crops and livestock products","764","Thailand","5610","Import quantity","0111","Wheat","2022","2022","t","1615852.13","A","Official value",""
"TCL","Crops and livestock products","764","Thailand","5622","Import value","0111","Wheat","2022","2022","1000 USD","680523","A","Official value",""
"TCL","Crops and livestock products","764","Thailand","5910","Export quantity","0111","Wheat","2022","2022","t","35.55","A","Official value",""
"TCL","Crops and livestock products","764","Thailand","5922","Export value","0111","Wheat","2022","2022","1000 USD","39","A","Official value",""
"TCL","Crops and livestock products","764","Thailand","5610","Import quantity","0111","Wheat","2023","2023","t","3713929.42","A","Official value",""
"TCL","Crops and livestock products","764","Thailand","5622","Import value","0111","Wheat","2023","2023","1000 USD","1333016","A","Official value",""
"TCL","Crops and livestock products","764","Thailand","5910","Export quantity","0111","Wheat","2023","2023","t","16.34","A","Official value",""
"TCL","Crops and livestock products","764","Thailand","5922","Export value","0111","Wheat","2023","2023","1000 USD","33","A","Official value",""
"TCL","Crops and livestock products","840","United States of America","5610","Import quantity","0113","Rice","2020","2020","t","93.32","A","Official value",""
"TCL","Crops and livestock products","840","United States of America","5622","Import value","0113","Rice","2020","2020","1000 USD","101","A","Official value",""
"TCL","Crops and livestock products","840","United States of America","5910","Export quantity","0113","Rice","2020","2020","t","1373402.31","A","Official value",""
"TCL","Crops and livestock products","840","United States of America","5922","Export value","0113","Rice","2020","2020","1000 USD","466718","A","Official value",""
"TCL","Crops and livestock products","840","United States of America","5610","Import quantity","0113","Rice","2021","2021","t","99.55","A","Official value",""
"TCL","Crops and livestock products","840","United States of America","5622","Import value","0113","Rice","2021","2021","1000 USD","97","A","Official value",""
"TCL","Crops and livestock products","840","United States of America","5910","Export quantity","0113","Rice","2021","2021","t","1507154.28","A","Official value",""
"TCL","Crops and livestock products","840","United States of America","5922","Export value","0113","Rice","2021","2021","1000 USD","511177","A","Official value",""
"TCL","Crops and livestock products","840","United States of America","5610","Import quantity","0113","Rice","2022","2022","t","589.24","A","Official value",""
"TCL","Crops and livestock products","840","United States of America","5622","Import value","0113","Rice","2022","2022","1000 USD","376","A","Official value",""
"TCL","Crops and livestock products","840","United States of America","5910","Export quantity","0113","Rice","2022","2022","t","962618.23","A","Official value",""
"TCL","Crops and livestock products","840","United States of America","5922","Export value","0113","Rice","2022","2022","1000 USD","373591","A","Official value",""
"TCL","Crops and livestock products","840","United States of America","5610","Import quantity","0113","Rice","2023","2023","t","176.02","A","Official value",""
"TCL","Crops and livestock products","840","United States of America","5622","Import value","0113","Rice","2023","2023","1000 USD","133","A","Official value",""
"TCL","Crops and livestock products","840","United States of America","5910","Export quantity","0113","Rice","2023","2023","t","1150889.73","A","Official value",""
"TCL","Crops and livestock products","840","United States of America","5922","Export value","0113","Rice","2023","2023","1000 USD","475921","A","Official value",""
"TCL","Crops and livestock products","840","United States of America","5610","Import quantity","23161.02","Rice, milled","2020","2020","t","1089887.77","A","Official value",""
"TCL","Crops and livestock products","840","United States of America","5622","Import value","23161.02","Rice, milled","2020","2020","1000 USD","1195720","A","Official value",""
"TCL","Crops and livestock products","840","United States of America","5910","Export quantity","23161.02","Rice, milled","2020","2020","t","1601622.02","A","Official value",""
"TCL","Crops and livestock products","840","United States of America","5922","Export value","23161.02","Rice, milled","2020","2020","1000 USD","1198472","A","Official value",""
"TCL","Crops and livestock products","840","United States of America","5610","Import quantity","23161.02","Rice, milled","2021","2021","t","883104.76","A","Official value",""
"TCL","Crops and livestock products","840","United States of America","5622","Import value","23161.02","Rice, milled","2021","2021","1000 USD","952212","A","Official value",""
"TCL","Crops and livestock products","840","United States of America","5910","Export quantity","23161.02","Rice, milled","2021","2021","t","1640473.38","A","Official value",""
"TCL","Crops and livestock products","840","United States of America","5922","Export value","23161.02","Rice, milled","2021","2021","1000 USD","1249581","A","Official value",""
"TCL","Crops and livestock products","840","United States of America","5610","Import quantity","23161.02","Rice, milled","2022","2022","t","1178827.53","A","Official value",""
"TCL","Crops and livestock products","840","United States of America","5622","Import value","23161.02","Rice, milled","2022","2022","1000 USD","1312976","A","Official value",""
"TCL","Crops and livestock products","840","United States of America","5910","Export quantity","23161.02","Rice, milled","2022","2022","t","1297735.68","A","Official value",""
"TCL","Crops and livestock products","840","United States of America","5922","Export value","23161.02","Rice, milled","2022","2022","1000 USD","1146327","A","Official value",""
"TCL","Crops and livestock products","840","United States of America","5610","Import quantity","23161.02","Rice, milled","2023","2023","t","1242717.18","A","Official value",""
"TCL","Crops and livestock products","840","United States of America","5622","Import value","23161.02","Rice, milled","2023","2023","1000 USD","1334614","A","Official value",""
"TCL","Crops and livestock products","840","United States of America","5910","Export quantity","23161.02","Rice, milled","2023","2023","t","1397348.52","A","Official value",""
"TCL","Crops and livestock products","840","United States of America","5922","Export value","23161.02","Rice, milled","2023","2023","1000 USD","1392026","A","Official value",""
"TCL","Crops and livestock products","840","United States of America","5610","Import quantity","F0030","Rice, paddy (rice milled equivalent)","2020","2020","t","1182701.26","A","Official value",""
"TCL","Crops and livestock products","840","United States of America","5622","Import value","F0030","Rice, paddy (rice milled equivalent)","2020","2020","1000 USD","1284207","A","Official value",""
"TCL","Crops and livestock products","840","United States of America","5910","Export quantity","F0030","Rice, paddy (rice milled equivalent)","2020","2020","t","2791900.73","A","Official value",""
"TCL","Crops and livestock products","840","United States of America","5922","Export value","F0030","Rice, paddy (rice milled equivalent)","2020","2020","1000 USD","1888783","A","Official value",""
"TCL","Crops and livestock products","840","United States of America","5610","Import quantity","F0030","Rice, paddy (rice milled equivalent)","2021","2021","t","953880.34","A","Official value",""
"TCL","Crops and livestock products","840","United States of America","5622","Import value","F0030","Rice, paddy (rice milled equivalent)","2021","2021","1000 USD","1017750","A","Official value",""
"TCL","Crops and livestock products","840","United States of America","5910","Export quantity","F0030","Rice, paddy (rice milled equivalent)","2021","2021","t","2837554.78","A","Official value",""
"TCL","Crops and livestock products","840","United States of America","5922","Export value","F0030","Rice, paddy (rice milled equivalent)","2021","2021","1000 USD","1927008","A","Official value",""
"TCL","Crops and livestock products","840","United States of America","5610","Import quantity","F0030","Rice, paddy (rice milled equivalent)","2022","2022","t","1292002.99","A","Official value",""
"TCL","Crops and livestock products","840","United States of America","5622","Import value","F0030","Rice, paddy (rice milled equivalent)","2022","2022","1000 USD","1405742","A","Official value",""
"TCL","Crops and livestock products","840","United States of America","5910","Export quantity","F0030","Rice, paddy (rice milled equivalent)","2022","2022","t","2124681.07","A","Official value",""
"TCL","Crops and livestock products","840","United States of America","5922","Export value","F0030","Rice, paddy (rice milled equivalent)","2022","2022","1000 USD","1702065","A","Official value",""
"TCL","Crops and livestock products","840","United States of America","5610","Import quantity","F0030","Rice, paddy (rice milled equivalent)","2023","2023","t","1334075.19","A","Official value",""
"TCL","Crops and livestock products","840","United States of America","5622","Import value","F0030","Rice, paddy (rice milled equivalent)","2023","2023","1000 USD","1422519","A","Official value",""
"TCL","Crops and livestock products","840","United States of America","5910","Export quantity","F0030","Rice, paddy (rice milled equivalent)","2023","2023","t","2281744","A","Official value",""
"TCL","Crops and livestock products","840","United States of America","5922","Export value","F0030","Rice, paddy (rice milled equivalent)","2023","2023","1000 USD","2013442","A","Official value",""
"TCL","Crops and livestock products","840","United States of America","5610","Import quantity","24230.02","Rice-fermented beverages","2020","2020","t","8530.36","A","Official value",""
"TCL","Crops and livestock products","840","United States of America","5622","Import value","24230.02","Rice-fermented beverages","2020","2020","1000 USD","57179","A","Official value",""
"TCL","Crops and livestock products","840","United States of America","5610","Import quantity","24230.02","Rice-fermented beverages","2021","2021","t","11938.73","A","Official value",""
"TCL","Crops and livestock products","840","United States of America","5622","Import value","24230.02","Rice-fermented beverages","2021","2021","1000 USD","97162","A","Official value",""
"TCL","Crops and livestock products","840","United States of America","5610","Import quantity","24230.02","Rice-fermented beverages","2022","2022","t","14395.5","A","Official value",""
"TCL","Crops and livestock products","840","United States of America","5622","Import value","24230.02","Rice-fermented beverages","2022","2022","1000 USD","118745","A","Official value",""
"TCL","Crops and livestock products","840","United States of America","5610","Import quantity","24230.02","Rice-fermented beverages","2023","2023","t","10390.6","A","Official value",""
"TCL","Crops and livestock products","840","United States of America","5622","Import value","24230.02","Rice-fermented beverages","2023","2023","1000 USD","83763","A","Official value",""
"TCL","Crops and livestock products","840","United States of America","5610","Import quantity","0141","Soya beans","2020","2020","t","422311.52","A","Official value",""
"TCL","Crops and livestock products","840","United States of America","5622","Import value","0141","Soya beans","2020","2020","1000 USD","292516","A","Official value",""
"TCL","Crops and livestock products","840","United States of America","5910","Export quantity","0141","Soya beans","2020","2020","t","64571020.84","A","Official value",""
"TCL","Crops and livestock products","840","United States of America","5922","Export value","0141","Soya beans","2020","2020","1000 USD","25851456","A","Official value",""
"TCL","Crops and livestock products","840","United States of America","5610","Import quantity","0141","Soya beans","2021","2021","t","569701.88","A","Official value",""
"TCL","Crops and livestock products","840","United States of America","5622","Import value","0141","Soya beans","2021","2021","1000 USD","436144","A","Official value",""
"TCL","Crops and livestock products","840","United States of America","5910","Export quantity","0141","Soya beans","2021","2021","t","53050523.42","A","Official value",""
"TCL","Crops and livestock products","840","United States of America","5922","Export value","0141","Soya beans","2021","2021","1000 USD","27522855","A","Official value",""
"TCL","Crops and livestock products","840","United States of America","5610","Import quantity","0141","Soya beans","2022","2022","t","478443.73","A","Official value",""
"TCL","Crops and livestock products","840","United States of America","5622","Import value","0141","Soya beans","2022","2022","1000 USD","518569","A","Official value",""
"TCL","Crops and livestock products","840","United States of America","5910","Export quantity","0141","Soya beans","2022","2022","t","57332027.18","A","Official value",""
"TCL","Crops and livestock products","840","United States of America","5922","Export value","0141","Soya beans","2022","2022","1000 USD","34489753","A","Official value",""
"TCL","Crops and livestock products","840","United States of America","5610","Import quantity","0141","Soya beans","2023","2023","t","662987.17","A","Official value",""
"TCL","Crops and livestock products","840","United States of America","5622","Import value","0141","Soya beans","2023","2023","1000 USD","523593","A","Official value",""
"TCL","Crops and livestock products","840","United States of America","5910","Export quantity","0141","Soya beans","2023","2023","t","48718703.23","A","Official value",""
"TCL","Crops and livestock products","840","United States of America","5922","Export value","0141","Soya beans","2023","2023","1000 USD","28006467","A","Official value",""
"TCL","Crops and livestock products","840","United States of America","5610","Import quantity","0111","Wheat","2020","2020","t","1909894.95","A","Official value",""
"TCL","Crops and livestock products","840","United States of America","5622","Import value","0111","Wheat","2020","2020","1000 USD","467784","A","Official value",""
"TCL","Crops and livestock products","840","United States of America","5910","Export quantity","0111","Wheat","2020","2020","t","26131625.6","A","Official value",""
"TCL","Crops and livestock products","840","United States of America","5922","Export value","0111","Wheat","2020","2020","1000 USD","6318111","A","Official value",""
"TCL","Crops and livestock products","840","United States of America","5610","Import quantity","0111","Wheat","2021","2021","t","1450818.24","A","Official value",""
"TCL","Crops and livestock products","840","United States of America","5622","Import value","0111","Wheat","2021","2021","1000 USD","402258","A","Official value",""
"TCL","Crops and livestock products","840","United States of America","5910","Export quantity","0111","Wheat","2021","2021","t","24014160.15","A","Official value",""
"TCL","Crops and livestock products","840","United States of America","5922","Export value","0111","Wheat","2021","2021","1000 USD","7286461","A","Official value",""
"TCL","Crops and livestock products","840","United States of America","5610","Import quantity","0111","Wheat","2022","2022","t","1677097.86","A","Official value",""
"TCL","Crops and livestock products","840","United States of America","5622","Import value","0111","Wheat","2022","2022","1000 USD","710962","A","Official value",""
"TCL","Crops and livestock products","840","United States of America","5910","Export quantity","0111","Wheat","2022","2022","t","20917589.34","A","Official value",""
"TCL","Crops and livestock products","840","United States of America","5922","Export value","0111","Wheat","2022","2022","1000 USD","8522976","A","Official value",""
"TCL","Crops and livestock products","840","United States of America","5610","Import quantity","0111","Wheat","2023","2023","t","2471089.42","A","Official value",""
"TCL","Crops and livestock products","840","United States of America","5622","Import value","0111","Wheat","2023","2023","1000 USD","895674","A","Official value",""
"TCL","Crops and livestock products","840","United States of America","5910","Export quantity","0111","Wheat","2023","2023","t","17942310.41","A","Official value",""
"TCL","Crops and livestock products","840","United States of America","5922","Export value","0111","Wheat","2023","2023","1000 USD","6133204","A","Official value",""
